"round","roster_id","player_id","picked_by","pick_no","metadata__years_exp","metadata__team","metadata__status","metadata__sport","metadata__position","metadata__player_id","metadata__number","metadata__news_updated","metadata__last_name","metadata__injury_status","metadata__first_name","is_keeper","draft_slot","draft_id"
"1","1","4046","544936785197502464","1","4","KC","Active","nfl","QB","4046","15","1629515457085","Mahomes","","Patrick","null","1","736680396980441088"
"1","2","5849","","2","2","ARI","Active","nfl","QB","5849","1","1629999912102","Murray","","Kyler","null","2","736680396980441088"
"1","3","4034","","3","4","CAR","Active","nfl","RB","4034","22","1629856528354","McCaffrey","","Christian","null","3","736680396980441088"
"1","4","3198","","4","5","TEN","Active","nfl","RB","3198","22","1629675048404","Henry","","Derrick","null","4","736680396980441088"
"1","5","4984","","5","3","BUF","Active","nfl","QB","4984","17","1629417910027","Allen","","Josh","null","5","736680396980441088"
"1","6","4029","","6","4","MIN","Active","nfl","RB","4029","33","1629591331715","Cook","","Dalvin","null","6","736680396980441088"
"1","7","4866","","7","3","NYG","Active","nfl","RB","4866","26","1629998411083","Barkley","Questionable","Saquon","null","7","736680396980441088"
"1","8","4035","","8","4","NO","Active","nfl","RB","4035","41","1629761455175","Kamara","","Alvin","null","8","736680396980441088"
"1","9","3164","","9","5","DAL","Active","nfl","RB","3164","21","1629857728489","Elliott","","Ezekiel","null","9","736680396980441088"
"1","10","4881","","10","3","BAL","Active","nfl","QB","4881","8","1629946506377","Jackson","","Lamar","null","10","736680396980441088"
"1","11","4988","","11","3","CLE","Active","nfl","RB","4988","24","1627774210427","Chubb","","Nick","null","11","736680396980441088"
"1","12","6813","","12","1","IND","Active","nfl","RB","6813","28","1629586830987","Taylor","","Jonathan","null","12","736680396980441088"
"2","12","1466","","13","8","KC","Active","nfl","TE","1466","87","1629516657380","Kelce","","Travis","null","12","736680396980441088"
"2","11","3294","","14","5","DAL","Active","nfl","QB","3294","4","1629918903159","Prescott","Questionable","Dak","null","11","736680396980441088"
"2","10","3321","","15","5","KC","Active","nfl","WR","3321","10","1629738353426","Hill","","Tyreek","null","10","736680396980441088"
"2","9","4199","","16","4","GB","Active","nfl","RB","4199","33","1629576929650","Jones","","Aaron","null","9","736680396980441088"
"2","8","6797","","17","1","LAC","Active","nfl","QB","6797","10","1628790616327","Herbert","","Justin","null","8","736680396980441088"
"2","7","2133","","18","7","GB","Active","nfl","WR","2133","17","1629576629319","Adams","","Davante","null","7","736680396980441088"
"2","6","4217","","19","4","SF","Active","nfl","TE","4217","85","1629672321934","Kittle","","George","null","6","736680396980441088"
"2","5","2449","","20","6","BUF","Active","nfl","WR","2449","14","1629947406266","Diggs","Questionable","Stefon","null","5","736680396980441088"
"2","4","7528","","21","0","PIT","Active","nfl","RB","7528","22","1629912033192","Harris","","Najee","null","4","736680396980441088"
"2","3","1234","","22","9","SEA","Active","nfl","QB","1234","3","1629730551848","Wilson","","Russell","null","3","736680396980441088"
"2","2","4663","","23","4","LAC","Active","nfl","RB","4663","30","1628823319259","Ekeler","","Austin","null","2","736680396980441088"
"2","1","6770","544936785197502464","24","1","CIN","Active","nfl","QB","6770","9","1629917132674","Burrow","","Joe","null","1","736680396980441088"
"3","1","2505","544936785197502464","25","6","LV","Active","nfl","TE","2505","83","1629600332802","Waller","","Darren","null","1","736680396980441088"
"3","2","4018","","26","4","CIN","Active","nfl","RB","4018","28","1629521458078","Mixon","","Joe","null","2","736680396980441088"
"3","3","5846","","27","2","SEA","Active","nfl","WR","5846","14","1629597032134","Metcalf","","DK","null","3","736680396980441088"
"3","4","4981","","28","3","ATL","Active","nfl","WR","4981","18","1629585630788","Ridley","","Calvin","null","4","736680396980441088"
"3","5","6945","","29","1","WAS","Active","nfl","RB","6945","24","1629519958165","Gibson","","Antonio","null","5","736680396980441088"
"3","6","5859","","30","2","TEN","Active","nfl","WR","5859","11","1629747653959","Brown","Questionable","A.J.","null","6","736680396980441088"
"3","7","6794","","31","1","MIN","Active","nfl","WR","6794","18","1629603632923","Jefferson","Questionable","Justin","null","7","736680396980441088"
"3","8","1426","","32","8","ARI","Active","nfl","WR","1426","10","1629519057519","Hopkins","Questionable","DeAndre","null","8","736680396980441088"
"3","9","6790","","33","1","DET","Active","nfl","RB","6790","32","1629821124528","Swift","Questionable","D'Andre","null","9","736680396980441088"
"3","10","96","","34","16","GB","Active","nfl","QB","96","12","1629575729581","Rodgers","","Aaron","null","10","736680396980441088"
"3","11","6820","","35","1","KC","Active","nfl","RB","6820","25","1629563139862","Edwards-Helaire","Questionable","Clyde","null","11","736680396980441088"
"3","12","6806","","36","1","BAL","Active","nfl","RB","6806","27","1629947406266","Dobbins","","J.K.","null","12","736680396980441088"
"4","12","5892","","37","2","CHI","Active","nfl","RB","5892","32","1629584430439","Montgomery","","David","null","12","736680396980441088"
"4","11","6904","","38","1","PHI","Active","nfl","QB","6904","1","1629674748326","Hurts","","Jalen","null","11","736680396980441088"
"4","10","1992","","39","7","CHI","Active","nfl","WR","1992","12","1629567928438","Robinson","","Allen","null","10","736680396980441088"
"4","9","7553","","40","0","ATL","Active","nfl","TE","7553","8","1629644137626","Pitts","","Kyle","null","9","736680396980441088"
"4","8","167","","41","21","TB","Active","nfl","QB","167","12","1629158144218","Brady","","Tom","null","8","736680396980441088"
"4","7","5927","","42","2","WAS","Active","nfl","WR","5927","17","1628886325329","McLaurin","","Terry","null","7","736680396980441088"
"4","6","421","","43","12","LAR","Active","nfl","QB","421","9","1629837626894","Stafford","","Matthew","null","6","736680396980441088"
"4","5","5012","","44","3","BAL","Active","nfl","TE","5012","89","1629988810689","Andrews","","Mark","null","5","736680396980441088"
"4","4","6786","","45","1","DAL","Inactive","nfl","WR","6786","88","1629761154464","Lamb","COV","CeeDee","null","4","736680396980441088"
"4","3","1049","","46","9","TEN","Active","nfl","QB","1049","17","1629993610580","Tannehill","COV","Ryan","null","3","736680396980441088"
"4","2","1479","","47","8","LAC","Active","nfl","WR","1479","13","1629005738567","Allen","","Keenan","null","2","736680396980441088"
"4","1","7523","544936785197502464","48","0","JAX","Active","nfl","QB","7523","16","1629907232576","Lawrence","","Trevor","null","1","736680396980441088"
"5","1","2216","544936785197502464","49","7","TB","Active","nfl","WR","2216","13","1629158744428","Evans","","Mike","null","1","736680396980441088"
"5","2","4273","","50","4","SEA","Active","nfl","RB","4273","32","1629646837707","Carson","","Chris","null","2","736680396980441088"
"5","3","5850","","51","2","LV","Active","nfl","RB","5850","28","1629599432202","Jacobs","","Josh","null","3","736680396980441088"
"5","4","6151","","52","2","PHI","Active","nfl","RB","6151","26","1629429611875","Sanders","","Miles","null","4","736680396980441088"
"5","5","1689","","53","8","MIN","Active","nfl","WR","1689","19","1629913233205","Thielen","Questionable","Adam","null","5","736680396980441088"
"5","6","24","","54","13","ATL","Active","nfl","QB","24","2","1629583230681","Ryan","","Matt","null","6","736680396980441088"
"5","7","5916","","55","2","LAR","Active","nfl","RB","5916","27","1629900932254","Henderson","Questionable","Darrell","null","7","736680396980441088"
"5","8","1352","","56","8","LAR","Active","nfl","WR","1352","2","1625144460278","Woods","","Robert","null","8","736680396980441088"
"5","9","2309","","57","6","DAL","Active","nfl","WR","2309","19","1629672646775","Cooper","","Amari","null","9","736680396980441088"
"5","10","5844","","58","2","DET","Active","nfl","TE","5844","88","1629949506557","Hockenson","Questionable","T.J.","null","10","736680396980441088"
"5","11","4037","","59","4","TB","Active","nfl","WR","4037","14","1629158744432","Godwin","","Chris","null","11","736680396980441088"
"5","12","947","","60","10","TEN","Active","nfl","WR","947","2","1629833727698","Jones","Questionable","Julio","null","12","736680396980441088"
"6","12","5980","","61","2","MIA","Active","nfl","RB","5980","37","1629604831702","Gaskin","","Myles","null","12","736680396980441088"
"6","11","4098","","62","4","CLE","Active","nfl","RB","4098","27","1627329303126","Hunt","","Kareem","null","11","736680396980441088"
"6","10","2374","","63","6","SEA","Active","nfl","WR","2374","16","1629646538030","Lockett","Questionable","Tyler","null","10","736680396980441088"
"6","9","4039","","64","4","LAR","Active","nfl","WR","4039","10","1627073746449","Kupp","","Cooper","null","9","736680396980441088"
"6","8","7564","","65","0","CIN","Active","nfl","WR","7564","1","1629916833334","Chase","","Ja'Marr","null","8","736680396980441088"
"6","7","6955","","66","1","JAX","Active","nfl","RB","6955","30","1629925804104","Robinson","","James","null","7","736680396980441088"
"6","6","4983","","67","3","CAR","Active","nfl","WR","4983","2","1629606633115","Moore","Questionable","D.J.","null","6","736680396980441088"
"6","5","2431","","68","6","ATL","Active","nfl","RB","2431","28","1629643537547","Davis","","Mike","null","5","736680396980441088"
"6","4","4892","","69","3","CLE","Active","nfl","QB","4892","6","1629650137364","Mayfield","","Baker","null","4","736680396980441088"
"6","3","5857","","70","2","DEN","Active","nfl","TE","5857","87","1629923404757","Fant","Questionable","Noah","null","3","736680396980441088"
"6","2","4131","","71","4","NYG","Active","nfl","WR","4131","19","1629994510825","Golladay","Questionable","Kenny","null","2","736680396980441088"
"6","1","7588","544936785197502464","72","0","DEN","Active","nfl","RB","7588","33","1629610233465","Williams","","Javonte","null","1","736680396980441088"
"7","1","6803","544936785197502464","73","1","SF","Active","nfl","WR","6803","11","1629689449593","Aiyuk","","Brandon","null","1","736680396980441088"
"7","2","1166","","74","9","MIN","Active","nfl","QB","1166","8","1629669320298","Cousins","","Kirk","null","2","736680396980441088"
"7","3","6801","","75","1","CIN","Active","nfl","WR","6801","85","1629522058068","Higgins","","Tee","null","3","736680396980441088"
"7","4","5937","","76","2","PIT","Active","nfl","WR","5937","18","1629656139163","Johnson","","Diontae","null","4","736680396980441088"
"7","5","5000","","77","3","ARI","Active","nfl","RB","5000","2","1628948732662","Edmonds","","Chase","null","5","736680396980441088"
"7","6","3199","","78","5","NO","Active","nfl","WR","3199","13","1629143742081","Thomas","PUP","Michael","null","6","736680396980441088"
"7","7","6886","","79","1","PIT","Active","nfl","WR","6886","11","1629651938616","Claypool","Questionable","Chase","null","7","736680396980441088"
"7","8","2078","","80","7","CLE","Active","nfl","WR","2078","13","1629549937267","Beckham","Questionable","Odell","null","8","736680396980441088"
"7","9","6768","","81","1","MIA","Active","nfl","QB","6768","1","1629994511717","Tagovailoa","","Tua","null","9","736680396980441088"
"7","10","4951","","82","3","JAX","Active","nfl","WR","4951","17","1629217245425","Chark","Questionable","D.J.","null","10","736680396980441088"
"7","11","5045","","83","3","DEN","Active","nfl","WR","5045","14","1629654338956","Sutton","Questionable","Courtland","null","11","736680396980441088"
"7","12","7525","","84","0","PHI","Active","nfl","WR","7525","6","1629429311919","Smith","","DeVonta","null","12","736680396980441088"
"8","12","7591","","85","0","CHI","Active","nfl","QB","7591","1","1629812753361","Fields","","Justin","null","12","736680396980441088"
"8","11","5022","","86","3","PHI","Active","nfl","TE","5022","88","1629414910476","Goedert","","Dallas","null","11","736680396980441088"
"8","10","4040","","87","4","PIT","Active","nfl","WR","4040","19","1629655239002","Smith-Schuster","","JuJu","null","10","736680396980441088"
"8","9","6783","","88","1","DEN","Active","nfl","WR","6783","10","1629771947544","Jeudy","","Jerry","null","9","736680396980441088"
"8","8","5052","","89","3","TB","Active","nfl","RB","5052","27","1629766255789","Jones","","Ronald","null","8","736680396980441088"
"8","7","4017","","90","4","HOU","Active","nfl","QB","4017","4","1629998712050","Watson","","Deshaun","null","7","736680396980441088"
"8","6","2320","","91","6","DEN","Active","nfl","RB","2320","25","1629771347555","Gordon","","Melvin","null","6","736680396980441088"
"8","5","2749","","92","6","SF","Active","nfl","RB","2749","31","1629672648038","Mostert","","Raheem","null","5","736680396980441088"
"8","4","7610","","93","0","SF","Active","nfl","QB","7610","5","1629939906977","Lance","","Trey","null","4","736680396980441088"
"8","3","7526","","94","0","MIA","Active","nfl","WR","7526","17","1629602132843","Waddle","","Jaylen","null","3","736680396980441088"
"8","2","5872","","95","2","SF","Active","nfl","WR","5872","19","1629690049546","Samuel","","Deebo","null","2","736680396980441088"
"8","1","7593","544936785197502464","96","0","SF","Active","nfl","RB","7593","28","1629930005694","Sermon","","Trey","null","1","736680396980441088"
"9","1","6814","544936785197502464","97","1","JAX","Active","nfl","WR","6814","10","1629834626643","Shenault","","Laviska","null","1","736680396980441088"
"9","2","4993","","98","3","MIA","Active","nfl","TE","4993","88","1629606331974","Gesicki","","Mike","null","2","736680396980441088"
"9","3","3423","","99","5","CAR","Active","nfl","WR","3423","11","1629822623560","Anderson","","Robby","null","3","736680396980441088"
"9","4","4602","","100","4","GB","Active","nfl","TE","4602","85","1629402908604","Tonyan","","Robert","null","4","736680396980441088"
"9","5","5870","","101","2","NYG","Active","nfl","QB","5870","8","1629713750388","Jones","","Daniel","null","5","736680396980441088"
"9","6","7607","","102","0","NYJ","Active","nfl","RB","7607","32","1629599732635","Carter","","Michael","null","6","736680396980441088"
"9","7","4943","","103","3","CAR","Active","nfl","QB","4943","14","1629999311257","Darnold","","Sam","null","7","736680396980441088"
"9","8","2251","","104","7","WAS","Active","nfl","TE","2251","82","1629544236813","Thomas","","Logan","null","8","736680396980441088"
"9","9","3161","","105","5","IND","Active","nfl","QB","3161","2","1629814553441","Wentz","Questionable","Carson","null","9","736680396980441088"
"9","10","5890","","106","2","NE","Active","nfl","RB","5890","37","1629905432487","Harris","","Damien","null","10","736680396980441088"
"9","11","2197","","107","7","HOU","Active","nfl","WR","2197","13","1629631836196","Cooks","","Brandin","null","11","736680396980441088"
"9","12","333","","108","16","WAS","Active","nfl","QB","333","14","1629577228803","Fitzpatrick","","Ryan","null","12","736680396980441088"
"10","12","3157","","109","5","MIA","Inactive","nfl","WR","3157","3","1629948306421","Fuller","Sus","Will","null","12","736680396980441088"
"10","11","3969","","110","4","TB","Active","nfl","RB","3969","7","1629765956057","Fournette","","Leonard","null","11","736680396980441088"
"10","10","6828","","111","1","GB","Active","nfl","RB","6828","28","1629600932666","Dillon","","A.J.","null","10","736680396980441088"
"10","9","536","","112","11","TB","Active","nfl","WR","536","81","1629397508071","Brown","","Antonio","null","9","736680396980441088"
"10","8","4082","","113","4","WAS","Active","nfl","WR","4082","10","1629999311258","Samuel","Questionable","Curtis","null","8","736680396980441088"
"10","7","2391","","114","6","HOU","Active","nfl","RB","2391","31","1629631236078","Johnson","","David","null","7","736680396980441088"
"10","6","3225","","115","5","CIN","Active","nfl","WR","3225","83","1629522656999","Boyd","","Tyler","null","6","736680396980441088"
"10","5","6819","","116","1","IND","Active","nfl","WR","6819","11","1629610233459","Pittman","","Michael","null","5","736680396980441088"
"10","4","6126","","117","2","MIN","Active","nfl","TE","6126","84","1629610833628","Smith","","Irv","null","4","736680396980441088"
"10","3","1825","","118","7","CLE","Active","nfl","WR","1825","80","1627497044348","Landry","","Jarvis","null","3","736680396980441088"
"10","2","3271","","119","5","LAR","Active","nfl","TE","3271","89","1629610833627","Higbee","","Tyler","null","2","736680396980441088"
"10","1","7538","544936785197502464","120","0","NYJ","Active","nfl","QB","7538","2","1629599132625","Wilson","","Zach","null","1","736680396980441088"
"11","1","6845","544936785197502464","121","1","BUF","Active","nfl","RB","6845","20","1629600931550","Moss","","Zack","null","1","736680396980441088"
"11","2","4137","","122","4","ARI","Active","nfl","RB","4137","6","1629518457870","Conner","","James","null","2","736680396980441088"
"11","3","515","","123","11","TB","Active","nfl","TE","515","87","1629518457873","Gronkowski","","Rob","null","3","736680396980441088"
"11","4","4068","","124","4","LAC","Active","nfl","WR","4068","81","1629980409381","Williams","","Mike","null","4","736680396980441088"
"11","5","5848","","125","2","BAL","Active","nfl","WR","5848","5","1629986110590","Brown","Questionable","Marquise","null","5","736680396980441088"
"11","6","5038","","126","3","DAL","Active","nfl","WR","5038","13","1629632736311","Gallup","","Michael","null","6","736680396980441088"
"11","7","3242","","127","5","LV","Active","nfl","RB","3242","23","1629585330828","Drake","","Kenyan","null","7","736680396980441088"
"11","8","6130","","128","2","BUF","Active","nfl","RB","6130","26","1629601531620","Singletary","","Devin","null","8","736680396980441088"
"11","9","7571","","129","0","BAL","Active","nfl","WR","7571","12","1628900426540","Bateman","Questionable","Rashod","null","9","736680396980441088"
"11","10","3214","","130","5","NE","Active","nfl","TE","3214","85","1629981309487","Henry","Questionable","Hunter","null","10","736680396980441088"
"11","11","5347","","131","3","IND","Active","nfl","RB","5347","21","1629045042553","Hines","","Nyheim","null","11","736680396980441088"
"11","12","5248","","132","3","BAL","Active","nfl","RB","5248","35","1629652537650","Edwards","","Gus","null","12","736680396980441088"
"12","12","4036","","133","4","NYJ","Active","nfl","WR","4036","84","1629646837703","Davis","","Corey","null","12","736680396980441088"
"12","11","5967","","134","2","DAL","Active","nfl","RB","5967","20","1629654638943","Pollard","","Tony","null","11","736680396980441088"
"12","10","7090","","135","1","CHI","Active","nfl","WR","7090","11","1629312060850","Mooney","","Darnell","null","10","736680396980441088"
"12","9","2319","","136","6","MIA","Active","nfl","WR","2319","11","1629825624614","Parker","Questionable","DeVante","null","9","736680396980441088"
"12","8","7596","","137","0","NYJ","Active","nfl","WR","7596","8","1629912333370","Moore","","Elijah","null","8","736680396980441088"
"12","7","4066","","138","4","NYG","Active","nfl","TE","4066","88","1629990911286","Engram","Questionable","Evan","null","7","736680396980441088"
"12","6","1067","","139","9","JAX","Active","nfl","WR","1067","11","1629926704306","Jones","Questionable","Marvin","null","6","736680396980441088"
"12","5","4144","","140","4","NE","Active","nfl","TE","4144","81","1629729952586","Smith","","Jonnu","null","5","736680396980441088"
"12","4","5110","","141","3","ATL","Active","nfl","WR","5110","14","1629604232650","Gage","","Russell","null","4","736680396980441088"
"12","3","6789","","142","1","LV","Active","nfl","WR","6789","11","1629600033387","Ruggs","","Henry","null","3","736680396980441088"
"12","2","5917","","143","2","KC","Active","nfl","WR","5917","17","1629517257300","Hardman","","Mecole","null","2","736680396980441088"
"12","1","6869","544936785197502464","144","1","NO","Active","nfl","TE","6869","82","1629933904963","Trautman","Questionable","Adam","null","1","736680396980441088"
"13","1","3163","544936785197502464","145","5","DET","Active","nfl","QB","3163","16","1629589831309","Goff","","Jared","null","1","736680396980441088"
"13","2","2325","","146","6","NE","Active","nfl","WR","2325","13","1629986710967","Agholor","","Nelson","null","2","736680396980441088"
"13","3","4149","","147","4","DET","Active","nfl","RB","4149","30","1629865842289","Williams","","Jamaal","null","3","736680396980441088"
"13","4","5170","","148","3","HOU","Active","nfl","RB","5170","30","1629630936194","Lindsay","","Phillip","null","4","736680396980441088"
"13","5","1110","","149","9","IND","Active","nfl","WR","1110","13","1629904531714","Hilton","","T.Y.","null","5","736680396980441088"
"13","6","1476","","150","8","NO","Active","nfl","RB","1476","28","1629778549287","Murray","","Latavius","null","6","736680396980441088"
"13","7","367","","151","12","LAC","Active","nfl","TE","367","87","1627518946899","Cook","","Jared","null","7","736680396980441088"
"13","8","3664","","152","5","WAS","Active","nfl","RB","3664","41","1629521158258","McKissic","","J.D.","null","8","736680396980441088"
"13","9","4089","","153","4","SEA","Active","nfl","TE","4089","81","1629087037502","Everett","","Gerald","null","9","736680396980441088"
"13","10","5987","","154","2","MIN","Active","nfl","RB","5987","25","1629916233503","Mattison","Questionable","Alexander","null","10","736680396980441088"
"13","11","6826","","155","1","CHI","Active","nfl","TE","6826","85","1629917132669","Kmet","","Cole","null","11","736680396980441088"
"13","12","7547","","156","0","DET","Active","nfl","WR","7547","14","1629601532755","St. Brown","","Amon-Ra","null","12","736680396980441088"
"14","12","7601","","157","0","ARI","Active","nfl","WR","7601","4","1629517557842","Moore","","Rondale","null","12","736680396980441088"
"14","11","5026","","158","3","NO","Active","nfl","WR","5026","10","1629761755592","Smith","Questionable","Tre'Quan","null","11","736680396980441088"
"14","10","7567","","159","0","PHI","Active","nfl","RB","7567","14","1629540636540","Gainwell","","Kenneth","null","10","736680396980441088"
"14","9","7594","","160","0","CAR","Active","nfl","RB","7594","30","1629659439374","Hubbard","","Chuba","null","9","736680396980441088"
"14","8","1339","","161","8","PHI","Active","nfl","TE","1339","86","1629918904569","Ertz","","Zach","null","8","736680396980441088"
"14","7","7565","","162","0","CAR","Active","nfl","WR","7565","88","1629606933349","Marshall","","Terrace","null","7","736680396980441088"
"14","6","3202","","163","5","CLE","Active","nfl","TE","3202","81","1628909726565","Hooper","","Austin","null","6","736680396980441088"
"14","5","1144","","164","9","BUF","Inactive","nfl","WR","1144","11","1629842128339","Beasley","COV","Cole","null","5","736680396980441088"
"14","4","1386","","165","8","TB","Active","nfl","RB","1386","25","1629603032727","Bernard","","Giovani","null","4","736680396980441088"
"14","3","2378","","166","6","NYJ","Active","nfl","RB","2378","23","1629608132240","Coleman","","Tevin","null","3","736680396980441088"
"14","2","6798","","167","1","PHI","Active","nfl","WR","6798","18","1629429912047","Reagor","","Jalen","null","2","736680396980441088"
"14","1","7527","544936785197502464","168","0","NE","Active","nfl","QB","7527","10","1629995111782","Jones","","Mac","null","1","736680396980441088"
"15","1","6870","544936785197502464","169","1","LV","Active","nfl","WR","6870","89","1629050443154","Edwards","","Bryan","null","1","736680396980441088"
"15","2","3209","","170","5","NYG","Active","nfl","RB","3209","28","1629664239967","Booker","","Devontae","null","2","736680396980441088"
"15","3","4985","","171","3","SEA","Active","nfl","RB","4985","20","1629647437815","Penny","","Rashaad","null","3","736680396980441088"
"15","4","830","","172","10","ARI","Active","nfl","WR","830","18","1629518757602","Green","","A.J.","null","4","736680396980441088"
"15","5","7611","","173","0","NE","Active","nfl","RB","7611","38","1629920404575","Stevenson","","Rhamondre","null","5","736680396980441088"
"15","6","5549","","174","3","KC","Active","nfl","RB","5549","31","1629520556872","Williams","Questionable","Darrel","null","6","736680396980441088"
"15","7","2238","","175","7","LV","Active","nfl","WR","2238","15","1628773826958","Brown","","John","null","7","736680396980441088"
"15","8","1848","","176","7","NE","Active","nfl","RB","1848","28","1629487254548","White","","James","null","8","736680396980441088"
"15","9","4157","","177","4","CHI","Active","nfl","RB","4157","29","1629917132665","Cohen","PUP","Tarik","null","9","736680396980441088"
"15","10","4152","","178","4","IND","Active","nfl","RB","4152","25","1629064835826","Mack","","Marlon","null","10","736680396980441088"
"15","11","6943","","179","1","BUF","Inactive","nfl","WR","6943","13","1629813653689","Davis","COV","Gabriel","null","11","736680396980441088"
"15","12","4571","","180","4","DAL","Active","nfl","TE","4571","89","1629633036121","Jarwin","","Blake","null","12","736680396980441088"
"16","12","6918","","181","1","MIA","Active","nfl","RB","6918","26","1629605431768","Ahmed","","Salvon","null","12","736680396980441088"
"16","11","5947","","182","2","NE","Active","nfl","WR","5947","16","1629480015503","Meyers","","Jakobi","null","11","736680396980441088"
"16","10","7563","","183","0","ATL","Active","nfl","RB","7563","25","1629990611074","Hawkins","","Javian","null","10","736680396980441088"
"16","9","7088","","184","1","LAR","Active","nfl","RB","7088","25","1629906032611","Jones","","Xavier","null","9","736680396980441088"
"16","8","5122","","185","3","PHI","Active","nfl","RB","5122","35","1628199937410","Scott","","Boston","null","8","736680396980441088"
"16","7","1833","","186","7","CHI","Active","nfl","RB","1833","8","1629583830538","Williams","","Damien","null","7","736680396980441088"
"16","6","2588","","187","6","MIA","Active","nfl","RB","2588","34","1629603931740","Brown","","Malcolm","null","6","736680396980441088"
"16","5","2161","","188","7","KC","Active","nfl","RB","2161","1","1629620433947","McKinnon","","Jerick","null","5","736680396980441088"
"16","4","7064","","189","1","TEN","Active","nfl","RB","7064","32","1629650138399","Evans","Questionable","Darrynton","null","4","736680396980441088"
"16","3","4962","","190","3","LAR","Active","nfl","RB","4962","0","1629896744535","Michel","","Sony","null","3","736680396980441088"
"16","2","7561","","191","0","SF","Active","nfl","RB","7561","49","1629936306388","Mitchell","","Elijah","null","2","736680396980441088"
"16","1","6039","544936785197502464","192","2","NYJ","Active","nfl","RB","6039","25","1629607532134","Johnson","","Ty","null","1","736680396980441088"
"17","1","5880","544936785197502464","193","2","IND","Active","nfl","WR","5880","1","1629610533975","Campbell","","Parris","null","1","736680396980441088"
"17","2","4435","","194","4","TEN","Active","nfl","TE","4435","86","1629636336093","Firkser","","Anthony","null","2","736680396980441088"
"17","3","4950","","195","3","ARI","Active","nfl","WR","4950","13","1628949932977","Kirk","","Christian","null","3","736680396980441088"
"17","4","3200","","196","5","NYG","Active","nfl","WR","3200","3","1629714350483","Shepard","","Sterling","null","4","736680396980441088"
"17","5","1817","","197","7","BAL","Active","nfl","WR","1817","14","1629726352275","Watkins","Questionable","Sammy","null","5","736680396980441088"
"17","6","7600","","198","0","PIT","Active","nfl","TE","7600","88","1629602132851","Freiermuth","","Pat","null","6","736680396980441088"
"17","7","538","","199","11","BUF","Active","nfl","WR","538","1","1629564339980","Sanders","Questionable","Emmanuel","null","7","736680396980441088"
"17","8","2410","","200","6","NYJ","Active","nfl","WR","2410","82","1629067835909","Crowder","","Jamison","null","8","736680396980441088"
"17","9","2118","","201","7","PIT","Active","nfl","TE","2118","85","1629656739159","Ebron","","Eric","null","9","736680396980441088"
"17","10","7606","","202","0","NYG","Active","nfl","WR","7606","89","1629426011491","Toney","Questionable","Kadarius","null","10","736680396980441088"
"17","11","5086","","203","3","GB","Active","nfl","WR","5086","83","1629475215083","Valdes-Scantling","","Marquez","null","11","736680396980441088"
"17","12","4055","","204","4","TB","Active","nfl","TE","4055","80","1629603632922","Howard","","O.J.","null","12","736680396980441088"
"18","12","6853","","205","1","LAR","Active","nfl","WR","6853","12","1629393908735","Jefferson","Questionable","Van","null","12","736680396980441088"
"18","11","7569","","206","0","HOU","Active","nfl","WR","7569","12","1629767156082","Collins","Questionable","Nico","null","11","736680396980441088"
"18","10","2331","","207","6","DET","Active","nfl","WR","2331","19","1629915932621","Perriman","","Breshad","null","10","736680396980441088"
"18","9","6849","","208","1","NYJ","Active","nfl","WR","6849","11","1629577229532","Mims","Questionable","Denzel","null","9","736680396980441088"
"18","8","4741","","209","4","CAR","Active","nfl","TE","4741","85","1629659739693","Arnold","","Dan","null","8","736680396980441088"
"18","7","928","","210","10","GB","Active","nfl","WR","928","18","1629402908603","Cobb","","Randall","null","7","736680396980441088"
"18","6","6989","","211","1","NO","Active","nfl","WR","6989","1","1629776747904","Callaway","","Marquez","null","6","736680396980441088"
"18","5","6824","","212","1","CLE","Active","nfl","WR","6824","11","1629666031694","Peoples-Jones","","Donovan","null","5","736680396980441088"
"18","4","2583","","213","6","DET","Active","nfl","WR","2583","6","1629906632546","Williams","Questionable","Tyrell","null","4","736680396980441088"
"18","3","4973","","214","3","ATL","Active","nfl","TE","4973","81","1626907855481","Hurst","","Hayden","null","3","736680396980441088"
"18","2","5185","","215","3","GB","Active","nfl","WR","5185","13","1629402308450","Lazard","","Allen","null","2","736680396980441088"
"18","1","2028","544936785197502464","216","7","LV","Active","nfl","QB","2028","4","1629598532510","Carr","","Derek","null","1","736680396980441088"
"19","1","4054","544936785197502464","217","4","IND","Active","nfl","TE","4054","81","1629651638462","Alie-Cox","","Mo","null","1","736680396980441088"
"19","2","6805","","218","1","DEN","Active","nfl","WR","6805","1","1629923705210","Hamler","Questionable","K.J.","null","2","736680396980441088"
"19","3","6149","","219","2","NYG","Active","nfl","WR","6149","86","1629669621741","Slayton","","Darius","null","3","736680396980441088"
"19","4","5906","","220","2","BUF","Active","nfl","TE","5906","88","1629585931060","Knox","","Dawson","null","4","736680396980441088"
"19","5","147","","221","13","LAR","Active","nfl","WR","147","1","1629764454724","Jackson","","DeSean","null","5","736680396980441088"
"19","6","7540","","222","0","GB","Active","nfl","WR","7540","8","1629601532755","Rodgers","","Amari","null","6","736680396980441088"
"19","7","7587","","223","0","WAS","Active","nfl","WR","7587","2","1629520558055","Brown","","Dyami","null","7","736680396980441088"
"19","8","6271","","224","2","ATL","Active","nfl","WR","6271","17","1628113530730","Zaccheaus","","Olamide","null","8","736680396980441088"
"19","9","559","","225","11","JAX","Active","nfl","TE","559","85","1629216944801","Tebow","","Tim","null","9","736680396980441088"
"19","10","5001","","226","3","DAL","Active","nfl","TE","5001","86","1629654939150","Schultz","","Dalton","null","10","736680396980441088"
"19","11","7670","","227","0","LAC","Active","nfl","WR","7670","5","1629690649969","Palmer","","Josh","null","11","736680396980441088"
"19","12","6895","","228","1","DET","Active","nfl","WR","6895","87","1629917132669","Cephus","","Quintez","null","12","736680396980441088"
"20","12","4150","","229","4","SF","Active","nfl","RB","4150","22","1629730551831","Gallman","","Wayne","null","12","736680396980441088"
"20","11","5955","","230","2","LV","Active","nfl","WR","5955","13","1629698450756","Renfrow","","Hunter","null","11","736680396980441088"
"20","10","1408","","231","8","","Active","nfl","RB","1408","26","1622431838949","Bell","","Le'Veon","null","10","736680396980441088"
"20","9","5009","","232","3","NYJ","Active","nfl","TE","5009","89","1627570249384","Herndon","","Christopher","null","9","736680396980441088"
"20","8","2460","","233","6","CIN","Active","nfl","TE","2460","87","1628706022181","Uzomah","","C.J.","null","8","736680396980441088"
"20","7","5199","","234","3","KC","Active","nfl","WR","5199","13","1629621034034","Pringle","","Byron","null","7","736680396980441088"
"20","6","7612","","235","0","SEA","Active","nfl","WR","7612","1","1629984310538","Eskridge","","D'Wayne","null","6","736680396980441088"
"20","5","7574","","236","0","LAC","Active","nfl","RB","7574","35","1629692150016","Rountree","","Larry","null","5","736680396980441088"
"20","4","6002","","237","2","ATL","Active","nfl","RB","6002","30","1629605433097","Ollison","","Qadree","null","4","736680396980441088"
"20","3","4351","","238","4","DEN","Active","nfl","WR","4351","81","1629325502145","Patrick","","Tim","null","3","736680396980441088"
"20","2","3286","","239","5","KC","Active","nfl","WR","3286","11","1629621334293","Robinson","","Demarcus","null","2","736680396980441088"
"20","1","4147","544936785197502464","240","4","CIN","Active","nfl","RB","4147","34","1629030341381","Perine","","Samaje","null","1","736680396980441088"
"21","1","6927","544936785197502464","241","1","PHI","Active","nfl","WR","6927","16","1629924003959","Watkins","","Quez","null","1","736680396980441088"
"21","2","616","","242","11","CHI","Active","nfl","TE","616","80","1629583830535","Graham","","Jimmy","null","2","736680396980441088"
"21","3","5878","","243","2","NE","Active","nfl","WR","5878","15","1629566728424","Harry","Questionable","N'Keal","null","3","736680396980441088"
"21","4","7794","","244","0","CIN","Active","nfl","RB","7794","25","1629030641054","Evans","","Chris","null","4","736680396980441088"
"21","5","5131","","245","3","LAC","Active","nfl","RB","5131","22","1629896143795","Jackson","Questionable","Justin","null","5","736680396980441088"
"21","6","4454","","246","4","NE","Active","nfl","WR","4454","84","1629489655313","Bourne","","Kendrick","null","6","736680396980441088"
"21","7","6878","","247","1","PIT","Active","nfl","RB","6878","26","1629132640070","McFarland","","Anthony","null","7","736680396980441088"
"21","8","956","","248","10","HOU","Active","nfl","RB","956","2","1629630635887","Ingram","","Mark","null","8","736680396980441088"
"21","9","5013","","249","3","HOU","Active","nfl","WR","5013","18","1629153944149","Miller","Questionable","Anthony","null","9","736680396980441088"
"21","10","4033","","250","4","CLE","Active","nfl","TE","4033","85","1629717051059","Njoku","","David","null","10","736680396980441088"
"21","11","4622","","251","4","NYJ","Active","nfl","WR","4622","88","1629067536170","Cole","","Keelan","null","11","736680396980441088"
"21","12","7045","","252","1","LAC","Active","nfl","RB","7045","27","1629687948289","Kelley","","Joshua","null","12","736680396980441088"
"22","12","6290","","253","2","TB","Active","nfl","WR","6290","10","1629603332799","Miller","","Scott","null","12","736680396980441088"
"22","11","7499","","254","1","HOU","Active","nfl","TE","7499","45","1612996215415","Quessenberry","","Paul","null","11","736680396980441088"
"22","10","7562","","255","0","LAR","Active","nfl","WR","7562","15","1629207344790","Atwell","Questionable","Tutu","null","10","736680396980441088"
"22","9","7568","","256","0","HOU","Active","nfl","TE","7568","9","1628860222466","Jordan","","Brevin","null","9","736680396980441088"
"22","8","6421","","257","2","LAC","Active","nfl","WR","6421","15","1629932405792","Guyton","Questionable","Jalen","null","8","736680396980441088"
"22","7","4491","","258","4","KC","Active","nfl","WR","4491","85","1615329356828","Kemp","","Marcus","null","7","736680396980441088"
"22","6","7771","","259","0","LAR","Active","nfl","RB","7771","34","1629906332876","Funk","","Jake","null","6","736680396980441088"
"22","5","7595","","260","0","BAL","Active","nfl","WR","7595","16","1619889927172","Wallace","","Tylan","null","5","736680396980441088"
"22","4","4171","","261","4","TEN","Active","nfl","WR","4171","18","1629629735232","Reynolds","","Josh","null","4","736680396980441088"
"22","3","5032","","262","3","HOU","Active","nfl","TE","5032","88","1629650438417","Akins","","Jordan","null","3","736680396980441088"
"22","2","5284","","263","3","SF","Active","nfl","RB","5284","30","1627409760052","Wilson","PUP","Jeffery","null","2","736680396980441088"
"22","1","7703","544936785197502464","264","0","LAR","Active","nfl","TE","7703","87","1628033705911","Harris","Questionable","Jacob","null","1","736680396980441088"
"23","1","1535","544936785197502464","265","8","ATL","Active","nfl","RB","1535","84","1624641940949","Patterson","","Cordarrelle","null","1","736680396980441088"
"23","2","2257","","266","7","JAX","Active","nfl","RB","2257","24","1629837026779","Hyde","","Carlos","null","2","736680396980441088"
"23","3","6931","","267","1","SEA","Active","nfl","RB","6931","31","1629648037851","Dallas","","DeeJay","null","3","736680396980441088"
"23","4","6699","","268","2","NE","Active","nfl","WR","6699","80","1629479715465","Olszewski","","Gunner","null","4","736680396980441088"
"23","5","4421","","269","4","BUF","Active","nfl","TE","4421","80","1629602131675","Hollister","","Jacob","null","5","736680396980441088"
"23","6","6850","","270","1","CLE","Active","nfl","TE","6850","88","1629718251366","Bryant","","Harrison","null","6","736680396980441088"
"23","7","3832","","271","5","MIN","Active","nfl","RB","3832","30","1612730760526","Ham","","C.J.","null","7","736680396980441088"
"23","8","5007","","272","3","HOU","Active","nfl","WR","5007","16","1629641137202","Coutee","","Keke","null","8","736680396980441088"
"23","9","5787","","273","2","","Inactive","nfl","WR","5787","13","1535763393991","Bobo","","Bryce","null","9","736680396980441088"
"23","10","7789","","274","0","JAX","Active","nfl","WR","7789","12","1620665467031","Camp","","Jalen","null","10","736680396980441088"
"23","11","6059","","275","2","PHI","Active","nfl","WR","6059","13","1629538836086","Fulgham","","Travis","null","11","736680396980441088"
"23","12","7828","","276","0","KC","Active","nfl","TE","7828","83","1624654241877","Gray","","Noah","null","12","736680396980441088"
"24","12","5010","","277","3","SEA","Active","nfl","TE","5010","89","1617125715527","Dissly","","Will","null","12","736680396980441088"
"24","11","3328","","278","5","CLE","Active","nfl","WR","3328","82","1629718851399","Higgins","","Rashard","null","11","736680396980441088"
"24","10","7608","","279","0","CHI","Active","nfl","RB","7608","24","1629584430429","Herbert","","Khalil","null","10","736680396980441088"
"24","9","7602","","280","0","IND","Active","nfl","TE","7602","83","1625086855650","Granson","","Kylen","null","9","736680396980441088"
"24","8","5024","","281","3","PIT","Active","nfl","WR","5024","13","1629602132862","Washington","","James","null","8","736680396980441088"
"24","7","2146","","282","7","PHI","Active","nfl","TE","2146","85","1623438004135","Rodgers","","Richard","null","7","736680396980441088"
"24","6","7938","","283","0","LAC","Active","nfl","TE","7938","47","1621223406324","Kampmoyer","","Hunter","null","6","736680396980441088"
"24","5","7539","","284","0","MIA","Active","nfl","RB","7539","23","1619907945101","Doaks","","Gerrid","null","5","736680396980441088"
"24","4","7098","","285","1","BAL","Active","nfl","RB","7098","34","1629730252630","Williams","","Ty'Son","null","4","736680396980441088"
"24","3","4455","","286","4","BUF","Active","nfl","RB","4455","22","1629601531616","Breida","","Matt","null","3","736680396980441088"
"24","2","1706","","287","8","IND","Active","nfl","TE","1706","84","1625086255535","Doyle","","Jack","null","2","736680396980441088"
"24","1","7533","544936785197502464","288","0","CLE","Active","nfl","WR","7533","10","1629916833331","Schwartz","","Anthony","null","1","736680396980441088"
"25","1","6908","544936785197502464","289","1","NYJ","Active","nfl","RB","6908","22","1629914733531","Perine","Questionable","La'Mical","null","1","736680396980441088"
"25","2","5924","","290","2","WAS","Active","nfl","WR","5924","80","1617994254916","Hall","Questionable","Emanuel","null","2","736680396980441088"
"25","3","7729","","291","0","TEN","Active","nfl","WR","7729","10","1629609933691","Fitzpatrick","","Dez","null","3","736680396980441088"
"25","4","5911","","292","2","SF","Active","nfl","WR","5911","14","1629947706573","Hurd","Questionable","Jalen","null","4","736680396980441088"
"25","5","6148","","293","2","MIA","Active","nfl","WR","6148","18","1629948906587","Williams","Questionable","Preston","null","5","736680396980441088"
"25","6","560","","294","10","","Active","nfl","WR","560","18","1624899325963","Thomas","","Demaryius","null","6","736680396980441088"
"25","7","6909","","295","1","MIA","Inactive","nfl","WR","6909","6","1629947706573","Bowden","IR","Lynn","null","7","736680396980441088"
"25","8","6885","","296","1","TB","Active","nfl","RB","6885","21","1629683749165","Vaughn","","Ke'Shawn","null","8","736680396980441088"
"25","9","4938","","297","1","SEA","Active","nfl","WR","4938","0","","Noil","","Speedy","null","9","736680396980441088"
"25","10","6920","","298","1","BUF","Active","nfl","WR","6920","16","1629674148253","Hodgins","Questionable","Isaiah","null","10","736680396980441088"
"25","11","7541","","299","0","KC","Active","nfl","WR","7541","14","1628622648421","Powell","","Cornell","null","11","736680396980441088"
"25","12","6919","","300","1","CIN","Active","nfl","TE","6919","81","1629063335736","Moss","","Thaddeus","null","12","736680396980441088"
"26","12","3471","","301","4","","Inactive","nfl","RB","3471","36","1527116701448","Green","","Aaron","null","12","736680396980441088"
"26","11","6491","","302","1","","Inactive","nfl","RB","6491","","1588630831740","Choice","","Adam","null","11","736680396980441088"
"26","10","5068","","303","3","PHI","Inactive","nfl","RB","5068","0","1629324303052","Johnson","IR","Kerryon","null","10","736680396980441088"
"26","9","5195","","304","2","","Inactive","nfl","RB","5195","38","1535847008044","Wadley","","Akrum","null","9","736680396980441088"
"26","8","4080","","305","4","LV","Active","nfl","WR","4080","7","1616112328126","Jones","","Zay","null","8","736680396980441088"
"26","7","7032","","306","1","DEN","Active","nfl","WR","7032","16","1609804245800","Cleveland","","Tyrie","null","7","736680396980441088"
"26","6","5125","","307","2","","Inactive","nfl","WR","5125","17","1549406105396","Patterson","","Damoun","null","6","736680396980441088"
"26","5","4314","","308","4","LAR","Active","nfl","TE","4314","82","1616171713767","Mundt","","Johnny","null","5","736680396980441088"
"26","4","365","","309","11","","Active","nfl","WR","365","14","1547411185002","Wallace","","Mike","null","4","736680396980441088"
"26","3","246","","310","15","","Active","nfl","RB","246","43","1576956354416","Sproles","","Darren","null","3","736680396980441088"
"26","2","7752","","311","0","NO","Active","nfl","WR","7752","14","1629321902755","Baker","","Kawaan","null","2","736680396980441088"
"26","1","4418","544936785197502464","312","3","","Inactive","nfl","RB","4418","46","1535223005694","Daniels Jr.","","Leshun","null","1","736680396980441088"
"27","1","4998","544936785197502464","313","3","DEN","Active","nfl","WR","4998","17","1621456807981","Hamilton","PUP","DaeSean","null","1","736680396980441088"
"27","2","2315","","314","6","","Active","nfl","RB","2315","21","1626911455803","Gurley","","Todd","null","2","736680396980441088"
"27","3","4401","","315","3","","Inactive","nfl","WR","4401","15","1536282602776","Stringfellow","","Damore'ea","null","3","736680396980441088"
"27","4","6155","","316","1","","Inactive","nfl","WR","6155","","1577805628442","Smith","","Jaylen","null","4","736680396980441088"
"27","5","701","","317","10","","Active","nfl","TE","701","84","1585686032321","Dickson","","Ed","null","5","736680396980441088"
"27","6","7039","","318","1","PIT","Active","nfl","WR","7039","15","1610667636242","White","","Cody","null","6","736680396980441088"
"27","7","6967","","319","1","SEA","Active","nfl","WR","6967","17","1610411143903","Fuller","","Aaron","null","7","736680396980441088"
"27","8","7234","","320","1","KC","Active","nfl","WR","7234","89","1612927245501","Ffrench","","Maurice","null","8","736680396980441088"
"27","9","2503","","321","5","","Inactive","nfl","TE","2503","85","1567218357881","Derby","","AJ","null","9","736680396980441088"
"27","10","1684","","322","7","ARI","Active","nfl","WR","1684","18","1602620149319","Brown","","Jaron","null","10","736680396980441088"
"27","11","7733","","323","0","NO","Active","nfl","TE","7733","85","1629516657383","Pederson","","Josh","null","11","736680396980441088"
"27","12","4790","","324","2","","Inactive","nfl","WR","4790","82","","Wheelwright","","Robert","null","12","736680396980441088"
"28","12","6167","","325","2","MIA","Active","nfl","RB","6167","28","1610387441575","Scarlett","","Jordan","null","12","736680396980441088"
"28","11","7905","","326","0","NO","Inactive","nfl","TE","7905","89","1628027405172","Soehner","IR","Dylan","null","11","736680396980441088"
"28","10","3177","","327","4","NYG","Active","nfl","WR","3177","19","1611110142153","Coleman","Sus","Corey","null","10","736680396980441088"
"28","9","6240","","328","0","","Inactive","nfl","WR","6240","0","","Tarver","","Ron'quavion","null","9","736680396980441088"
"28","8","4669","","329","4","PHI","Active","nfl","WR","4669","41","1627665903975","Patton","","Andre","null","8","736680396980441088"
"28","7","7299","","330","0","","Inactive","nfl","WR","7299","","1588363242033","Shelton-Mosley","","Justice","null","7","736680396980441088"
"28","6","1413","","331","7","","Active","nfl","WR","1413","80","1536771604267","Wheaton","","Markus","null","6","736680396980441088"
"28","5","4605","","332","4","KC","Inactive","nfl","TE","4605","0","1629342904731","Baylis","IR","Evan","null","5","736680396980441088"
"28","4","3509","","333","3","","Inactive","nfl","RB","3509","47","","Gronkowski","","Glenn","null","4","736680396980441088"
"28","3","1308","","334","9","DAL","Voluntary Opt Out","nfl","RB","1308","49","1615436704534","Olawale","","Jamize","null","3","736680396980441088"
"28","2","6246","","335","2","","Inactive","nfl","RB","6246","35","1620082845280","Cox","","Jeremy","null","2","736680396980441088"
"28","1","6617","544936785197502464","336","1","KC","Active","nfl","WR","6617","7","","Lindsey","","Andre","null","1","736680396980441088"
"29","1","8085","544936785197502464","337","0","TEN","Active","nfl","RB","8085","38","1629723952083","Sargent","","Mekhi","null","1","736680396980441088"
"29","2","7503","","338","1","CLE","Active","nfl","TE","7503","86","1629904232406","Davis","IR","Connor","null","2","736680396980441088"
"29","3","6068","","339","2","JAX","Active","nfl","RB","6068","22","1609910113813","Ozigbo","","Devine","null","3","736680396980441088"
"29","4","2024","","340","6","","Active","nfl","RB","2024","36","1567288806152","West","","Charcandrick","null","4","736680396980441088"
"29","5","2836","","341","4","","Inactive","nfl","WR","2836","6","","Cook","","Kenny","null","5","736680396980441088"
"29","6","4923","","342","1","PIT","Active","nfl","RB","4923","7","","Shell III","","Rushel","null","6","736680396980441088"
"29","7","1601","","343","8","CHI","Active","nfl","RB","1601","39","1608683445050","Ware","","Spencer","null","7","736680396980441088"
"29","8","5590","","344","2","","Inactive","nfl","WR","5590","9","1564341612769","Smallwood","","Jordan","null","8","736680396980441088"
"29","9","4178","","345","3","","Inactive","nfl","RB","4178","35","1567352736808","Pumphrey","","Donnel","null","9","736680396980441088"
"29","10","1369","","346","7","BAL","Active","nfl","RB","1369","48","1608080451561","Bohanon","","Tommy","null","10","736680396980441088"
"29","11","2312","","347","6","NO","Active","nfl","WR","2312","17","1629257148627","White","","Kevin","null","11","736680396980441088"
"29","12","7216","","348","1","CAR","Active","nfl","TE","7216","87","1609797945463","Ricci","","Giovanni","null","12","736680396980441088"
"30","12","1170","","349","9","NYG","Active","nfl","RB","1170","41","1629211244340","Morris","","Alfred","null","12","736680396980441088"
"30","11","5121","","350","3","NYJ","Active","nfl","WR","5121","10","1629647738159","Berrios","","Braxton","null","11","736680396980441088"
"30","10","7864","","351","0","DAL","Active","nfl","TE","7864","49","","Lynn","","Artayvious","null","10","736680396980441088"
"30","9","1451","","352","7","","Active","nfl","RB","1451","26","1600451741317","Anderson","","C.J.","null","9","736680396980441088"
"30","8","7901","","353","0","PIT","Active","nfl","WR","7901","84","1619981135124","Bussey","","Rico","null","8","736680396980441088"
"30","7","5273","","354","1","MIN","Active","nfl","RB","5273","36","1525721101055","Pettway","","Kamryn","null","7","736680396980441088"
"30","6","5163","","355","3","CHI","Active","nfl","RB","5163","35","1629137141441","Nall","Questionable","Ryan","null","6","736680396980441088"
"30","5","7868","","356","0","CAR","Active","nfl","RB","7868","40","1620002436980","Stokke","","Mason","null","5","736680396980441088"
"30","4","7227","","357","1","CHI","Active","nfl","RB","7227","46","1629585030653","Pierce","","Artavis","null","4","736680396980441088"
"30","3","284","","358","14","","Active","nfl","TE","284","82","1622576155570","Walker","","Delanie","null","3","736680396980441088"
"30","2","8025","","359","0","DEN","Active","nfl","RB","8025","43","","Prentice","","Adam","null","2","736680396980441088"
"30","1","7412","544936785197502464","360","1","NYG","Active","nfl","RB","7412","34","1627587351677","Platzgummer","","Sandro","null","1","736680396980441088"
